<annotation>
	<folder>collectedimages</folder>
	<filename>yes.992d8705-0197-11ed-b569-342eb71f55d5.jpg</filename>
	<path>/Users/joshuajolly/Downloads/RealTimeObjectDetection/Tensorflow/workspace/images/collectedimages/yes.992d8705-0197-11ed-b569-342eb71f55d5.jpg</path>
	<source>
		<database>Unknown</database>
	</source>
	<size>
		<width>640</width>
		<height>480</height>
		<depth>3</depth>
	</size>
	<segmented>0</segmented>
	<object>
		<name>yes</name>
		<pose>Unspecified</pose>
		<truncated>0</truncated>
		<difficult>0</difficult>
		<bndbox>
			<xmin>146</xmin>
			<ymin>220</ymin>
			<xmax>308</xmax>
			<ymax>355</ymax>
		</bndbox>
	</object>
</annotation>
