<annotation>
	<folder>collectedimages</folder>
	<filename>yes.a075c595-0197-11ed-8c34-342eb71f55d5.jpg</filename>
	<path>/Users/joshuajolly/Downloads/RealTimeObjectDetection/Tensorflow/workspace/images/collectedimages/yes.a075c595-0197-11ed-8c34-342eb71f55d5.jpg</path>
	<source>
		<database>Unknown</database>
	</source>
	<size>
		<width>640</width>
		<height>480</height>
		<depth>3</depth>
	</size>
	<segmented>0</segmented>
	<object>
		<name>yes</name>
		<pose>Unspecified</pose>
		<truncated>0</truncated>
		<difficult>0</difficult>
		<bndbox>
			<xmin>102</xmin>
			<ymin>168</ymin>
			<xmax>283</xmax>
			<ymax>285</ymax>
		</bndbox>
	</object>
	<object>
		<name>yes</name>
		<pose>Unspecified</pose>
		<truncated>0</truncated>
		<difficult>0</difficult>
		<bndbox>
			<xmin>373</xmin>
			<ymin>178</ymin>
			<xmax>523</xmax>
			<ymax>285</ymax>
		</bndbox>
	</object>
</annotation>
