<annotation>
	<folder>collectedimages</folder>
	<filename>iloveyou.ce092e1a-0197-11ed-be86-342eb71f55d5.jpg</filename>
	<path>/Users/joshuajolly/Downloads/RealTimeObjectDetection/Tensorflow/workspace/images/collectedimages/iloveyou.ce092e1a-0197-11ed-be86-342eb71f55d5.jpg</path>
	<source>
		<database>Unknown</database>
	</source>
	<size>
		<width>640</width>
		<height>480</height>
		<depth>3</depth>
	</size>
	<segmented>0</segmented>
	<object>
		<name>I_Love_You</name>
		<pose>Unspecified</pose>
		<truncated>0</truncated>
		<difficult>0</difficult>
		<bndbox>
			<xmin>133</xmin>
			<ymin>123</ymin>
			<xmax>579</xmax>
			<ymax>318</ymax>
		</bndbox>
	</object>
</annotation>
