<annotation>
	<folder>collectedimages</folder>
	<filename>no.ad75321c-0197-11ed-94ba-342eb71f55d5.jpg</filename>
	<path>/Users/joshuajolly/Downloads/RealTimeObjectDetection/Tensorflow/workspace/images/collectedimages/no.ad75321c-0197-11ed-94ba-342eb71f55d5.jpg</path>
	<source>
		<database>Unknown</database>
	</source>
	<size>
		<width>640</width>
		<height>480</height>
		<depth>3</depth>
	</size>
	<segmented>0</segmented>
	<object>
		<name>no</name>
		<pose>Unspecified</pose>
		<truncated>0</truncated>
		<difficult>0</difficult>
		<bndbox>
			<xmin>162</xmin>
			<ymin>108</ymin>
			<xmax>350</xmax>
			<ymax>303</ymax>
		</bndbox>
	</object>
</annotation>
