<annotation>
	<folder>collectedimages</folder>
	<filename>hello.76795cda-0197-11ed-83aa-342eb71f55d5.jpg</filename>
	<path>/Users/joshuajolly/Downloads/RealTimeObjectDetection/Tensorflow/workspace/images/collectedimages/hello.76795cda-0197-11ed-83aa-342eb71f55d5.jpg</path>
	<source>
		<database>Unknown</database>
	</source>
	<size>
		<width>640</width>
		<height>480</height>
		<depth>3</depth>
	</size>
	<segmented>0</segmented>
	<object>
		<name>Hello</name>
		<pose>Unspecified</pose>
		<truncated>0</truncated>
		<difficult>0</difficult>
		<bndbox>
			<xmin>316</xmin>
			<ymin>113</ymin>
			<xmax>518</xmax>
			<ymax>318</ymax>
		</bndbox>
	</object>
</annotation>
