<annotation>
	<folder>collectedimages</folder>
	<filename>hello.706521e1-0197-11ed-9c6f-342eb71f55d5.jpg</filename>
	<path>/Users/joshuajolly/Downloads/RealTimeObjectDetection/Tensorflow/workspace/images/collectedimages/hello.706521e1-0197-11ed-9c6f-342eb71f55d5.jpg</path>
	<source>
		<database>Unknown</database>
	</source>
	<size>
		<width>640</width>
		<height>480</height>
		<depth>3</depth>
	</size>
	<segmented>0</segmented>
	<object>
		<name>Hello</name>
		<pose>Unspecified</pose>
		<truncated>0</truncated>
		<difficult>0</difficult>
		<bndbox>
			<xmin>143</xmin>
			<ymin>107</ymin>
			<xmax>355</xmax>
			<ymax>346</ymax>
		</bndbox>
	</object>
</annotation>
