<annotation>
	<folder>collectedimages</folder>
	<filename>no.bd3fe7b9-0197-11ed-bc92-342eb71f55d5.jpg</filename>
	<path>/Users/joshuajolly/Downloads/RealTimeObjectDetection/Tensorflow/workspace/images/collectedimages/no.bd3fe7b9-0197-11ed-bc92-342eb71f55d5.jpg</path>
	<source>
		<database>Unknown</database>
	</source>
	<size>
		<width>640</width>
		<height>480</height>
		<depth>3</depth>
	</size>
	<segmented>0</segmented>
	<object>
		<name>no</name>
		<pose>Unspecified</pose>
		<truncated>0</truncated>
		<difficult>0</difficult>
		<bndbox>
			<xmin>297</xmin>
			<ymin>136</ymin>
			<xmax>539</xmax>
			<ymax>341</ymax>
		</bndbox>
	</object>
</annotation>
