<annotation>
	<folder>collectedimages</folder>
	<filename>yes.a5524949-0197-11ed-abc8-342eb71f55d5.jpg</filename>
	<path>/Users/joshuajolly/Downloads/RealTimeObjectDetection/Tensorflow/workspace/images/collectedimages/yes.a5524949-0197-11ed-abc8-342eb71f55d5.jpg</path>
	<source>
		<database>Unknown</database>
	</source>
	<size>
		<width>640</width>
		<height>480</height>
		<depth>3</depth>
	</size>
	<segmented>0</segmented>
	<object>
		<name>yes</name>
		<pose>Unspecified</pose>
		<truncated>0</truncated>
		<difficult>0</difficult>
		<bndbox>
			<xmin>117</xmin>
			<ymin>177</ymin>
			<xmax>327</xmax>
			<ymax>296</ymax>
		</bndbox>
	</object>
</annotation>
